Domain Code,Domain,Area Code (M49),Area,Element Code,Element,Item Code (CPC),Item,Year Code,Year,Months Code,Months,Unit,Value,Flag,Flag Description
"PP","Producer Prices","484","Mexico","5530","Producer Price (LCU/tonne)","01654","Anise, badian, coriander, cumin, caraway, fennel and juniper berries, raw","2020","2020","7021","Annual value","LCU","27139.5","A","Official figure"
"PP","Producer Prices","484","Mexico","5530","Producer Price (LCU/tonne)","01654","Anise, badian, coriander, cumin, caraway, fennel and juniper berries, raw","2021","2021","7021","Annual value","LCU","29131.6","A","Official figure"
"PP","Producer Prices","484","Mexico","5530","Producer Price (LCU/tonne)","01654","Anise, badian, coriander, cumin, caraway, fennel and juniper berries, raw","2022","2022","7021","Annual value","LCU","43028.1","A","Official figure"
"PP","Producer Prices","484","Mexico","5530","Producer Price (LCU/tonne)","01654","Anise, badian, coriander, cumin, caraway, fennel and juniper berries, raw","2023","2023","7021","Annual value","LCU","42522.1","A","Official figure"
"PP","Producer Prices","484","Mexico","5530","Producer Price (LCU/tonne)","01341","Apples","2020","2020","7021","Annual value","LCU","9109.8","A","Official figure"
"PP","Producer Prices","484","Mexico","5530","Producer Price (LCU/tonne)","01341","Apples","2021","2021","7021","Annual value","LCU","12595.1","A","Official figure"
"PP","Producer Prices","484","Mexico","5530","Producer Price (LCU/tonne)","01341","Apples","2022","2022","7021","Annual value","LCU","10967.4","A","Official figure"
"PP","Producer Prices","484","Mexico","5530","Producer Price (LCU/tonne)","01341","Apples","2023","2023","7021","Annual value","LCU","12497.3","A","Official figure"
"PP","Producer Prices","484","Mexico","5530","Producer Price (LCU/tonne)","01343","Apricots","2020","2020","7021","Annual value","LCU","7082.9","A","Official figure"
"PP","Producer Prices","484","Mexico","5530","Producer Price (LCU/tonne)","01343","Apricots","2021","2021","7021","Annual value","LCU","7535.1","A","Official figure"
"PP","Producer Prices","484","Mexico","5530","Producer Price (LCU/tonne)","01343","Apricots","2022","2022","7021","Annual value","LCU","7970.6","A","Official figure"
"PP","Producer Prices","484","Mexico","5530","Producer Price (LCU/tonne)","01343","Apricots","2023","2023","7021","Annual value","LCU","9539.6","A","Official figure"
"PP","Producer Prices","484","Mexico","5530","Producer Price (LCU/tonne)","01216","Artichokes","2020","2020","7021","Annual value","LCU","11691.2","A","Official figure"
"PP","Producer Prices","484","Mexico","5530","Producer Price (LCU/tonne)","01216","Artichokes","2021","2021","7021","Annual value","LCU","11986.4","A","Official figure"
"PP","Producer Prices","484","Mexico","5530","Producer Price (LCU/tonne)","01216","Artichokes","2022","2022","7021","Annual value","LCU","13401","A","Official figure"
"PP","Producer Prices","484","Mexico","5530","Producer Price (LCU/tonne)","01216","Artichokes","2023","2023","7021","Annual value","LCU","14402.2","A","Official figure"
"PP","Producer Prices","484","Mexico","5530","Producer Price (LCU/tonne)","01211","Asparagus","2020","2020","7021","Annual value","LCU","39723.4","A","Official figure"
"PP","Producer Prices","484","Mexico","5530","Producer Price (LCU/tonne)","01211","Asparagus","2021","2021","7021","Annual value","LCU","41077.4","A","Official figure"
"PP","Producer Prices","484","Mexico","5530","Producer Price (LCU/tonne)","01211","Asparagus","2022","2022","7021","Annual value","LCU","48264.4","A","Official figure"
"PP","Producer Prices","484","Mexico","5530","Producer Price (LCU/tonne)","01211","Asparagus","2023","2023","7021","Annual value","LCU","44826.8","A","Official figure"
"PP","Producer Prices","484","Mexico","5530","Producer Price (LCU/tonne)","01311","Avocados","2020","2020","7021","Annual value","LCU","20623.4","A","Official figure"
"PP","Producer Prices","484","Mexico","5530","Producer Price (LCU/tonne)","01311","Avocados","2021","2021","7021","Annual value","LCU","20687.5","A","Official figure"
"PP","Producer Prices","484","Mexico","5530","Producer Price (LCU/tonne)","01311","Avocados","2022","2022","7021","Annual value","LCU","24972.5","A","Official figure"
"PP","Producer Prices","484","Mexico","5530","Producer Price (LCU/tonne)","01311","Avocados","2023","2023","7021","Annual value","LCU","20211.9","A","Official figure"
"PP","Producer Prices","484","Mexico","5530","Producer Price (LCU/tonne)","01312","Bananas","2020","2020","7021","Annual value","LCU","3390.9","A","Official figure"
"PP","Producer Prices","484","Mexico","5530","Producer Price (LCU/tonne)","01312","Bananas","2021","2021","7021","Annual value","LCU","3251","A","Official figure"
"PP","Producer Prices","484","Mexico","5530","Producer Price (LCU/tonne)","01312","Bananas","2022","2022","7021","Annual value","LCU","3710.7","A","Official figure"
"PP","Producer Prices","484","Mexico","5530","Producer Price (LCU/tonne)","01312","Bananas","2023","2023","7021","Annual value","LCU","4257.6","A","Official figure"
"PP","Producer Prices","484","Mexico","5530","Producer Price (LCU/tonne)","01312.01","Bananas cavendish","2020","2020","7021","Annual value","LCU","4587","A","Official figure"
"PP","Producer Prices","484","Mexico","5530","Producer Price (LCU/tonne)","01312.01","Bananas cavendish","2021","2021","7021","Annual value","LCU","4526","A","Official figure"
"PP","Producer Prices","484","Mexico","5530","Producer Price (LCU/tonne)","01312.01","Bananas cavendish","2022","2022","7021","Annual value","LCU","5002","A","Official figure"
"PP","Producer Prices","484","Mexico","5530","Producer Price (LCU/tonne)","01312.01","Bananas cavendish","2023","2023","7021","Annual value","LCU","5215","A","Official figure"
"PP","Producer Prices","484","Mexico","5530","Producer Price (LCU/tonne)","0115","Barley","2020","2020","7021","Annual value","LCU","4509.5","A","Official figure"
"PP","Producer Prices","484","Mexico","5530","Producer Price (LCU/tonne)","0115","Barley","2021","2021","7021","Annual value","LCU","4755.1","A","Official figure"
"PP","Producer Prices","484","Mexico","5530","Producer Price (LCU/tonne)","0115","Barley","2022","2022","7021","Annual value","LCU","6230.7","A","Official figure"
"PP","Producer Prices","484","Mexico","5530","Producer Price (LCU/tonne)","0115","Barley","2023","2023","7021","Annual value","LCU","6001.1","A","Official figure"
"PP","Producer Prices","484","Mexico","5530","Producer Price (LCU/tonne)","01701","Beans, dry","2020","2020","7021","Annual value","LCU","16009.4","A","Official figure"
"PP","Producer Prices","484","Mexico","5530","Producer Price (LCU/tonne)","01701","Beans, dry","2021","2021","7021","Annual value","LCU","15917.6","A","Official figure"
"PP","Producer Prices","484","Mexico","5530","Producer Price (LCU/tonne)","01701","Beans, dry","2022","2022","7021","Annual value","LCU","17593.2","A","Official figure"
"PP","Producer Prices","484","Mexico","5530","Producer Price (LCU/tonne)","01701","Beans, dry","2023","2023","7021","Annual value","LCU","19303.6","A","Official figure"
"PP","Producer Prices","484","Mexico","5530","Producer Price (LCU/tonne)","02960.01","Beeswax","2020","2020","7021","Annual value","LCU","74491","A","Official figure"
"PP","Producer Prices","484","Mexico","5530","Producer Price (LCU/tonne)","02960.01","Beeswax","2021","2021","7021","Annual value","LCU","75728.1","A","Official figure"
"PP","Producer Prices","484","Mexico","5530","Producer Price (LCU/tonne)","02960.01","Beeswax","2022","2022","7021","Annual value","LCU","77480.9","A","Official figure"
"PP","Producer Prices","484","Mexico","5530","Producer Price (LCU/tonne)","02960.01","Beeswax","2023","2023","7021","Annual value","LCU","76803","A","Official figure"
"PP","Producer Prices","484","Mexico","5530","Producer Price (LCU/tonne)","01355.01","Blueberries","2020","2020","7021","Annual value","LCU","54913.7","A","Official figure"
"PP","Producer Prices","484","Mexico","5530","Producer Price (LCU/tonne)","01355.01","Blueberries","2021","2021","7021","Annual value","LCU","56153","A","Official figure"
"PP","Producer Prices","484","Mexico","5530","Producer Price (LCU/tonne)","01355.01","Blueberries","2022","2022","7021","Annual value","LCU","69015.4","A","Official figure"
"PP","Producer Prices","484","Mexico","5530","Producer Price (LCU/tonne)","01355.01","Blueberries","2023","2023","7021","Annual value","LCU","65076.9","A","Official figure"
"PP","Producer Prices","484","Mexico","5530","Producer Price (LCU/tonne)","01702","Broad beans and horse beans, dry","2020","2020","7021","Annual value","LCU","12438.8","A","Official figure"
"PP","Producer Prices","484","Mexico","5530","Producer Price (LCU/tonne)","01702","Broad beans and horse beans, dry","2021","2021","7021","Annual value","LCU","12448.3","A","Official figure"
"PP","Producer Prices","484","Mexico","5530","Producer Price (LCU/tonne)","01702","Broad beans and horse beans, dry","2022","2022","7021","Annual value","LCU","12320.6","A","Official figure"
"PP","Producer Prices","484","Mexico","5530","Producer Price (LCU/tonne)","01702","Broad beans and horse beans, dry","2023","2023","7021","Annual value","LCU","12222.6","A","Official figure"
"PP","Producer Prices","484","Mexico","5530","Producer Price (LCU/tonne)","01243","Broad beans and horse beans, green","2020","2020","7021","Annual value","LCU","5478.8","A","Official figure"
"PP","Producer Prices","484","Mexico","5530","Producer Price (LCU/tonne)","01243","Broad beans and horse beans, green","2021","2021","7021","Annual value","LCU","5542.1","A","Official figure"
"PP","Producer Prices","484","Mexico","5530","Producer Price (LCU/tonne)","01243","Broad beans and horse beans, green","2022","2022","7021","Annual value","LCU","5886","A","Official figure"
"PP","Producer Prices","484","Mexico","5530","Producer Price (LCU/tonne)","01243","Broad beans and horse beans, green","2023","2023","7021","Annual value","LCU","6108.2","A","Official figure"
"PP","Producer Prices","484","Mexico","5530","Producer Price (LCU/tonne)","01212","Cabbages","2020","2020","7021","Annual value","LCU","4459.9","A","Official figure"
"PP","Producer Prices","484","Mexico","5530","Producer Price (LCU/tonne)","01212","Cabbages","2021","2021","7021","Annual value","LCU","4551.4","A","Official figure"
"PP","Producer Prices","484","Mexico","5530","Producer Price (LCU/tonne)","01212","Cabbages","2022","2022","7021","Annual value","LCU","5648.6","A","Official figure"
"PP","Producer Prices","484","Mexico","5530","Producer Price (LCU/tonne)","01212","Cabbages","2023","2023","7021","Annual value","LCU","6064.7","A","Official figure"
"PP","Producer Prices","484","Mexico","5530","Producer Price (LCU/tonne)","01195","Canary seed","2020","2020","7021","Annual value","LCU","6572.7","A","Official figure"
"PP","Producer Prices","484","Mexico","5530","Producer Price (LCU/tonne)","01195","Canary seed","2021","2021","7021","Annual value","LCU","7198.9","A","Official figure"
"PP","Producer Prices","484","Mexico","5530","Producer Price (LCU/tonne)","01195","Canary seed","2022","2022","7021","Annual value","LCU","7727.7","A","Official figure"
"PP","Producer Prices","484","Mexico","5530","Producer Price (LCU/tonne)","01195","Canary seed","2023","2023","7021","Annual value","LCU","8112.3","A","Official figure"
"PP","Producer Prices","484","Mexico","5530","Producer Price (LCU/tonne)","01229","Cantaloupes and other melons","2020","2020","7021","Annual value","LCU","4995.4","A","Official figure"
"PP","Producer Prices","484","Mexico","5530","Producer Price (LCU/tonne)","01229","Cantaloupes and other melons","2021","2021","7021","Annual value","LCU","5689.6","A","Official figure"
"PP","Producer Prices","484","Mexico","5530","Producer Price (LCU/tonne)","01229","Cantaloupes and other melons","2022","2022","7021","Annual value","LCU","6355.8","A","Official figure"
"PP","Producer Prices","484","Mexico","5530","Producer Price (LCU/tonne)","01229","Cantaloupes and other melons","2023","2023","7021","Annual value","LCU","7270.5","A","Official figure"
"PP","Producer Prices","484","Mexico","5530","Producer Price (LCU/tonne)","01251","Carrots and turnips","2020","2020","7021","Annual value","LCU","3369.4","A","Official figure"
"PP","Producer Prices","484","Mexico","5530","Producer Price (LCU/tonne)","01251","Carrots and turnips","2021","2021","7021","Annual value","LCU","3189.9","A","Official figure"
"PP","Producer Prices","484","Mexico","5530","Producer Price (LCU/tonne)","01251","Carrots and turnips","2022","2022","7021","Annual value","LCU","3459.6","A","Official figure"
"PP","Producer Prices","484","Mexico","5530","Producer Price (LCU/tonne)","01251","Carrots and turnips","2023","2023","7021","Annual value","LCU","3737.1","A","Official figure"
"PP","Producer Prices","484","Mexico","5530","Producer Price (LCU/tonne)","01372","Cashew nuts, in shell","2020","2020","7021","Annual value","LCU","4935","A","Official figure"
"PP","Producer Prices","484","Mexico","5530","Producer Price (LCU/tonne)","01372","Cashew nuts, in shell","2021","2021","7021","Annual value","LCU","5045.6","A","Official figure"
"PP","Producer Prices","484","Mexico","5530","Producer Price (LCU/tonne)","01372","Cashew nuts, in shell","2022","2022","7021","Annual value","LCU","5581.4","A","Official figure"
"PP","Producer Prices","484","Mexico","5530","Producer Price (LCU/tonne)","01372","Cashew nuts, in shell","2023","2023","7021","Annual value","LCU","7353.4","A","Official figure"
"PP","Producer Prices","484","Mexico","5530","Producer Price (LCU/tonne)","01520.01","Cassava, fresh","2020","2020","7021","Annual value","LCU","3792.4","A","Official figure"
"PP","Producer Prices","484","Mexico","5530","Producer Price (LCU/tonne)","01520.01","Cassava, fresh","2021","2021","7021","Annual value","LCU","3818.5","A","Official figure"
"PP","Producer Prices","484","Mexico","5530","Producer Price (LCU/tonne)","01520.01","Cassava, fresh","2022","2022","7021","Annual value","LCU","3904.5","A","Official figure"
"PP","Producer Prices","484","Mexico","5530","Producer Price (LCU/tonne)","01520.01","Cassava, fresh","2023","2023","7021","Annual value","LCU","4007.8","A","Official figure"
"PP","Producer Prices","484","Mexico","5530","Producer Price (LCU/tonne)","01213","Cauliflowers and broccoli","2020","2020","7021","Annual value","LCU","6346.2","A","Official figure"
"PP","Producer Prices","484","Mexico","5530","Producer Price (LCU/tonne)","01213","Cauliflowers and broccoli","2021","2021","7021","Annual value","LCU","6479.1","A","Official figure"
"PP","Producer Prices","484","Mexico","5530","Producer Price (LCU/tonne)","01213","Cauliflowers and broccoli","2022","2022","7021","Annual value","LCU","6833.9","A","Official figure"
"PP","Producer Prices","484","Mexico","5530","Producer Price (LCU/tonne)","01213","Cauliflowers and broccoli","2023","2023","7021","Annual value","LCU","7063.1","A","Official figure"
"PP","Producer Prices","484","Mexico","5530","Producer Price (LCU/tonne)","01344.02","Cherries","2020","2020","7021","Annual value","LCU","71345.1","A","Official figure"
"PP","Producer Prices","484","Mexico","5530","Producer Price (LCU/tonne)","01344.02","Cherries","2021","2021","7021","Annual value","LCU","72685","A","Official figure"
"PP","Producer Prices","484","Mexico","5530","Producer Price (LCU/tonne)","01344.02","Cherries","2022","2022","7021","Annual value","LCU","93564.1","A","Official figure"
"PP","Producer Prices","484","Mexico","5530","Producer Price (LCU/tonne)","01344.02","Cherries","2023","2023","7021","Annual value","LCU","63499.9","A","Official figure"
"PP","Producer Prices","484","Mexico","5530","Producer Price (LCU/tonne)","01373","Chestnuts, in shell","2021","2021","7021","Annual value","LCU","31844.9","A","Official figure"
"PP","Producer Prices","484","Mexico","5530","Producer Price (LCU/tonne)","01373","Chestnuts, in shell","2022","2022","7021","Annual value","LCU","33061.2","A","Official figure"
"PP","Producer Prices","484","Mexico","5530","Producer Price (LCU/tonne)","01373","Chestnuts, in shell","2023","2023","7021","Annual value","LCU","40351.6","A","Official figure"
"PP","Producer Prices","484","Mexico","5530","Producer Price (LCU/tonne)","01703","Chick peas, dry","2020","2020","7021","Annual value","LCU","14956","A","Official figure"
"PP","Producer Prices","484","Mexico","5530","Producer Price (LCU/tonne)","01703","Chick peas, dry","2021","2021","7021","Annual value","LCU","15035.8","A","Official figure"
"PP","Producer Prices","484","Mexico","5530","Producer Price (LCU/tonne)","01703","Chick peas, dry","2022","2022","7021","Annual value","LCU","17702.1","A","Official figure"
"PP","Producer Prices","484","Mexico","5530","Producer Price (LCU/tonne)","01703","Chick peas, dry","2023","2023","7021","Annual value","LCU","19111.3","A","Official figure"
"PP","Producer Prices","484","Mexico","5530","Producer Price (LCU/tonne)","01231","Chillies and peppers, green (Capsicum spp. and Pimenta spp.)","2020","2020","7021","Annual value","LCU","10231.5","A","Official figure"
"PP","Producer Prices","484","Mexico","5530","Producer Price (LCU/tonne)","01231","Chillies and peppers, green (Capsicum spp. and Pimenta spp.)","2021","2021","7021","Annual value","LCU","9927.2","A","Official figure"
"PP","Producer Prices","484","Mexico","5530","Producer Price (LCU/tonne)","01231","Chillies and peppers, green (Capsicum spp. and Pimenta spp.)","2022","2022","7021","Annual value","LCU","11754.5","A","Official figure"
"PP","Producer Prices","484","Mexico","5530","Producer Price (LCU/tonne)","01231","Chillies and peppers, green (Capsicum spp. and Pimenta spp.)","2023","2023","7021","Annual value","LCU","12490.3","A","Official figure"
"PP","Producer Prices","484","Mexico","5530","Producer Price (LCU/tonne)","01640","Cocoa beans","2020","2020","7021","Annual value","LCU","40503.1","A","Official figure"
"PP","Producer Prices","484","Mexico","5530","Producer Price (LCU/tonne)","01640","Cocoa beans","2021","2021","7021","Annual value","LCU","41870.7","A","Official figure"
"PP","Producer Prices","484","Mexico","5530","Producer Price (LCU/tonne)","01640","Cocoa beans","2022","2022","7021","Annual value","LCU","41204.4","A","Official figure"
"PP","Producer Prices","484","Mexico","5530","Producer Price (LCU/tonne)","01640","Cocoa beans","2023","2023","7021","Annual value","LCU","41137.8","A","Official figure"
"PP","Producer Prices","484","Mexico","5530","Producer Price (LCU/tonne)","01460","Coconuts, in shell","2020","2020","7021","Annual value","LCU","2760.4","A","Official figure"
"PP","Producer Prices","484","Mexico","5530","Producer Price (LCU/tonne)","01460","Coconuts, in shell","2021","2021","7021","Annual value","LCU","2901.1","A","Official figure"
"PP","Producer Prices","484","Mexico","5530","Producer Price (LCU/tonne)","01460","Coconuts, in shell","2022","2022","7021","Annual value","LCU","3722.4","A","Official figure"
"PP","Producer Prices","484","Mexico","5530","Producer Price (LCU/tonne)","01460","Coconuts, in shell","2023","2023","7021","Annual value","LCU","3641.6","A","Official figure"
"PP","Producer Prices","484","Mexico","5530","Producer Price (LCU/tonne)","01610","Coffee, green","2020","2020","7021","Annual value","LCU","5385.3","A","Official figure"
"PP","Producer Prices","484","Mexico","5530","Producer Price (LCU/tonne)","01610","Coffee, green","2021","2021","7021","Annual value","LCU","5501.7","A","Official figure"
"PP","Producer Prices","484","Mexico","5530","Producer Price (LCU/tonne)","01610","Coffee, green","2022","2022","7021","Annual value","LCU","6375","A","Official figure"
"PP","Producer Prices","484","Mexico","5530","Producer Price (LCU/tonne)","01610","Coffee, green","2023","2023","7021","Annual value","LCU","6726.6","A","Official figure"
"PP","Producer Prices","484","Mexico","5530","Producer Price (LCU/tonne)","01313.02","Cooking bananas","2020","2020","7021","Annual value","LCU","3391","A","Official figure"
"PP","Producer Prices","484","Mexico","5530","Producer Price (LCU/tonne)","01232","Cucumbers and gherkins","2020","2020","7021","Annual value","LCU","6631.1","A","Official figure"
"PP","Producer Prices","484","Mexico","5530","Producer Price (LCU/tonne)","01232","Cucumbers and gherkins","2021","2021","7021","Annual value","LCU","7233.8","A","Official figure"
"PP","Producer Prices","484","Mexico","5530","Producer Price (LCU/tonne)","01232","Cucumbers and gherkins","2022","2022","7021","Annual value","LCU","7655.2","A","Official figure"
"PP","Producer Prices","484","Mexico","5530","Producer Price (LCU/tonne)","01232","Cucumbers and gherkins","2023","2023","7021","Annual value","LCU","8574.4","A","Official figure"
"PP","Producer Prices","484","Mexico","5530","Producer Price (LCU/tonne)","01314","Dates","2020","2020","7021","Annual value","LCU","55268.2","A","Official figure"
"PP","Producer Prices","484","Mexico","5530","Producer Price (LCU/tonne)","01314","Dates","2021","2021","7021","Annual value","LCU","56285.9","A","Official figure"
"PP","Producer Prices","484","Mexico","5530","Producer Price (LCU/tonne)","01314","Dates","2022","2022","7021","Annual value","LCU","66126.4","A","Official figure"
"PP","Producer Prices","484","Mexico","5530","Producer Price (LCU/tonne)","01314","Dates","2023","2023","7021","Annual value","LCU","65763.5","A","Official figure"
"PP","Producer Prices","484","Mexico","5530","Producer Price (LCU/tonne)","01233","Eggplants (aubergines)","2020","2020","7021","Annual value","LCU","10627","A","Official figure"
"PP","Producer Prices","484","Mexico","5530","Producer Price (LCU/tonne)","01233","Eggplants (aubergines)","2021","2021","7021","Annual value","LCU","12373.3","A","Official figure"
"PP","Producer Prices","484","Mexico","5530","Producer Price (LCU/tonne)","01233","Eggplants (aubergines)","2022","2022","7021","Annual value","LCU","11361.3","A","Official figure"
"PP","Producer Prices","484","Mexico","5530","Producer Price (LCU/tonne)","01233","Eggplants (aubergines)","2023","2023","7021","Annual value","LCU","12271.5","A","Official figure"
"PP","Producer Prices","484","Mexico","5530","Producer Price (LCU/tonne)","01315","Figs","2020","2020","7021","Annual value","LCU","17386.2","A","Official figure"
"PP","Producer Prices","484","Mexico","5530","Producer Price (LCU/tonne)","01315","Figs","2021","2021","7021","Annual value","LCU","19949.5","A","Official figure"
"PP","Producer Prices","484","Mexico","5530","Producer Price (LCU/tonne)","01315","Figs","2022","2022","7021","Annual value","LCU","23486.5","A","Official figure"
"PP","Producer Prices","484","Mexico","5530","Producer Price (LCU/tonne)","01315","Figs","2023","2023","7021","Annual value","LCU","25170","A","Official figure"
"PP","Producer Prices","484","Mexico","5530","Producer Price (LCU/tonne)","01657","Ginger, raw","2020","2020","7021","Annual value","LCU","20032.5","A","Official figure"
"PP","Producer Prices","484","Mexico","5530","Producer Price (LCU/tonne)","01657","Ginger, raw","2021","2021","7021","Annual value","LCU","19877.9","A","Official figure"
"PP","Producer Prices","484","Mexico","5530","Producer Price (LCU/tonne)","01657","Ginger, raw","2022","2022","7021","Annual value","LCU","19395.6","A","Official figure"
"PP","Producer Prices","484","Mexico","5530","Producer Price (LCU/tonne)","01657","Ginger, raw","2023","2023","7021","Annual value","LCU","19924.4","A","Official figure"
"PP","Producer Prices","484","Mexico","5530","Producer Price (LCU/tonne)","01330","Grapes","2020","2020","7021","Annual value","LCU","24174.7","A","Official figure"
"PP","Producer Prices","484","Mexico","5530","Producer Price (LCU/tonne)","01330","Grapes","2021","2021","7021","Annual value","LCU","23741.8","A","Official figure"
"PP","Producer Prices","484","Mexico","5530","Producer Price (LCU/tonne)","01330","Grapes","2022","2022","7021","Annual value","LCU","24978.2","A","Official figure"
"PP","Producer Prices","484","Mexico","5530","Producer Price (LCU/tonne)","01330","Grapes","2023","2023","7021","Annual value","LCU","26329.3","A","Official figure"
"PP","Producer Prices","484","Mexico","5530","Producer Price (LCU/tonne)","01290.01","Green corn (maize)","2020","2020","7021","Annual value","LCU","2605.7","A","Official figure"
"PP","Producer Prices","484","Mexico","5530","Producer Price (LCU/tonne)","01290.01","Green corn (maize)","2021","2021","7021","Annual value","LCU","2761.6","A","Official figure"
"PP","Producer Prices","484","Mexico","5530","Producer Price (LCU/tonne)","01290.01","Green corn (maize)","2022","2022","7021","Annual value","LCU","3136.3","A","Official figure"
"PP","Producer Prices","484","Mexico","5530","Producer Price (LCU/tonne)","01290.01","Green corn (maize)","2023","2023","7021","Annual value","LCU","3360.3","A","Official figure"
"PP","Producer Prices","484","Mexico","5530","Producer Price (LCU/tonne)","01252","Green garlic","2020","2020","7021","Annual value","LCU","19218.4","A","Official figure"
"PP","Producer Prices","484","Mexico","5530","Producer Price (LCU/tonne)","01252","Green garlic","2021","2021","7021","Annual value","LCU","20521.5","A","Official figure"
"PP","Producer Prices","484","Mexico","5530","Producer Price (LCU/tonne)","01252","Green garlic","2022","2022","7021","Annual value","LCU","21442.8","A","Official figure"
"PP","Producer Prices","484","Mexico","5530","Producer Price (LCU/tonne)","01252","Green garlic","2023","2023","7021","Annual value","LCU","20675.8","A","Official figure"
"PP","Producer Prices","484","Mexico","5530","Producer Price (LCU/tonne)","0142","Groundnuts, excluding shelled","2020","2020","7021","Annual value","LCU","12456.7","A","Official figure"
"PP","Producer Prices","484","Mexico","5530","Producer Price (LCU/tonne)","0142","Groundnuts, excluding shelled","2021","2021","7021","Annual value","LCU","12460.9","A","Official figure"
"PP","Producer Prices","484","Mexico","5530","Producer Price (LCU/tonne)","0142","Groundnuts, excluding shelled","2022","2022","7021","Annual value","LCU","15136","A","Official figure"
"PP","Producer Prices","484","Mexico","5530","Producer Price (LCU/tonne)","0142","Groundnuts, excluding shelled","2023","2023","7021","Annual value","LCU","16056.9","A","Official figure"
"PP","Producer Prices","484","Mexico","5530","Producer Price (LCU/tonne)","0231","Hen eggs in shell, fresh","2020","2020","7021","Annual value","LCU","21937.4","A","Official figure"
"PP","Producer Prices","484","Mexico","5530","Producer Price (LCU/tonne)","0231","Hen eggs in shell, fresh","2021","2021","7021","Annual value","LCU","22482.7","A","Official figure"
"PP","Producer Prices","484","Mexico","5530","Producer Price (LCU/tonne)","0231","Hen eggs in shell, fresh","2022","2022","7021","Annual value","LCU","25636.6","A","Official figure"
"PP","Producer Prices","484","Mexico","5530","Producer Price (LCU/tonne)","0231","Hen eggs in shell, fresh","2023","2023","7021","Annual value","LCU","27734.9","A","Official figure"
"PP","Producer Prices","484","Mexico","5530","Producer Price (LCU/tonne)","01254","Leeks and other alliaceous vegetables","2020","2020","7021","Annual value","LCU","7835.5","A","Official figure"
"PP","Producer Prices","484","Mexico","5530","Producer Price (LCU/tonne)","01254","Leeks and other alliaceous vegetables","2021","2021","7021","Annual value","LCU","7922.2","A","Official figure"
"PP","Producer Prices","484","Mexico","5530","Producer Price (LCU/tonne)","01254","Leeks and other alliaceous vegetables","2022","2022","7021","Annual value","LCU","7638.3","A","Official figure"
"PP","Producer Prices","484","Mexico","5530","Producer Price (LCU/tonne)","01254","Leeks and other alliaceous vegetables","2023","2023","7021","Annual value","LCU","7911","A","Official figure"
"PP","Producer Prices","484","Mexico","5530","Producer Price (LCU/tonne)","01322","Lemons and limes","2020","2020","7021","Annual value","LCU","6568.5","A","Official figure"
"PP","Producer Prices","484","Mexico","5530","Producer Price (LCU/tonne)","01322","Lemons and limes","2021","2021","7021","Annual value","LCU","6654.9","A","Official figure"
"PP","Producer Prices","484","Mexico","5530","Producer Price (LCU/tonne)","01322","Lemons and limes","2022","2022","7021","Annual value","LCU","9064.9","A","Official figure"
"PP","Producer Prices","484","Mexico","5530","Producer Price (LCU/tonne)","01322","Lemons and limes","2023","2023","7021","Annual value","LCU","9621.1","A","Official figure"
"PP","Producer Prices","484","Mexico","5530","Producer Price (LCU/tonne)","01704","Lentils, dry","2020","2020","7021","Annual value","LCU","10313.3","A","Official figure"
"PP","Producer Prices","484","Mexico","5530","Producer Price (LCU/tonne)","01704","Lentils, dry","2021","2021","7021","Annual value","LCU","9948.1","A","Official figure"
"PP","Producer Prices","484","Mexico","5530","Producer Price (LCU/tonne)","01704","Lentils, dry","2022","2022","7021","Annual value","LCU","7807","A","Official figure"
"PP","Producer Prices","484","Mexico","5530","Producer Price (LCU/tonne)","01704","Lentils, dry","2023","2023","7021","Annual value","LCU","9757.7","A","Official figure"
"PP","Producer Prices","484","Mexico","5530","Producer Price (LCU/tonne)","01214","Lettuce and chicory","2020","2020","7021","Annual value","LCU","4529.6","A","Official figure"
"PP","Producer Prices","484","Mexico","5530","Producer Price (LCU/tonne)","01214","Lettuce and chicory","2021","2021","7021","Annual value","LCU","4650.7","A","Official figure"
"PP","Producer Prices","484","Mexico","5530","Producer Price (LCU/tonne)","01214","Lettuce and chicory","2022","2022","7021","Annual value","LCU","5286.2","A","Official figure"
"PP","Producer Prices","484","Mexico","5530","Producer Price (LCU/tonne)","01214","Lettuce and chicory","2023","2023","7021","Annual value","LCU","5394.6","A","Official figure"
"PP","Producer Prices","484","Mexico","5530","Producer Price (LCU/tonne)","01441","Linseed","2020","2020","7021","Annual value","LCU","10048.1","A","Official figure"
"PP","Producer Prices","484","Mexico","5530","Producer Price (LCU/tonne)","01441","Linseed","2021","2021","7021","Annual value","LCU","10121.4","A","Official figure"
"PP","Producer Prices","484","Mexico","5530","Producer Price (LCU/tonne)","01441","Linseed","2022","2022","7021","Annual value","LCU","10468","A","Official figure"
"PP","Producer Prices","484","Mexico","5530","Producer Price (LCU/tonne)","01441","Linseed","2023","2023","7021","Annual value","LCU","9308.1","A","Official figure"
"PP","Producer Prices","484","Mexico","5530","Producer Price (LCU/tonne)","01356","Locust beans (carobs)","2020","2020","7021","Annual value","LCU","8525.8","A","Official figure"
"PP","Producer Prices","484","Mexico","5530","Producer Price (LCU/tonne)","01356","Locust beans (carobs)","2021","2021","7021","Annual value","LCU","8524.4","A","Official figure"
"PP","Producer Prices","484","Mexico","5530","Producer Price (LCU/tonne)","01356","Locust beans (carobs)","2022","2022","7021","Annual value","LCU","8484.1","A","Official figure"
"PP","Producer Prices","484","Mexico","5530","Producer Price (LCU/tonne)","01356","Locust beans (carobs)","2023","2023","7021","Annual value","LCU","9556.7","A","Official figure"
"PP","Producer Prices","484","Mexico","5530","Producer Price (LCU/tonne)","0112","Maize (corn)","2020","2020","7021","Annual value","LCU","4190.1","A","Official figure"
"PP","Producer Prices","484","Mexico","5530","Producer Price (LCU/tonne)","0112","Maize (corn)","2021","2021","7021","Annual value","LCU","5403","A","Official figure"
"PP","Producer Prices","484","Mexico","5530","Producer Price (LCU/tonne)","0112","Maize (corn)","2022","2022","7021","Annual value","LCU","6481.4","A","Official figure"
"PP","Producer Prices","484","Mexico","5530","Producer Price (LCU/tonne)","0112","Maize (corn)","2023","2023","7021","Annual value","LCU","6256","A","Official figure"
"PP","Producer Prices","484","Mexico","5530","Producer Price (LCU/tonne)","01316","Mangoes, guavas and mangosteens","2020","2020","7021","Annual value","LCU","5247.5","A","Official figure"
"PP","Producer Prices","484","Mexico","5530","Producer Price (LCU/tonne)","01316","Mangoes, guavas and mangosteens","2021","2021","7021","Annual value","LCU","5129.2","A","Official figure"
"PP","Producer Prices","484","Mexico","5530","Producer Price (LCU/tonne)","01316","Mangoes, guavas and mangosteens","2022","2022","7021","Annual value","LCU","5716.6","A","Official figure"
"PP","Producer Prices","484","Mexico","5530","Producer Price (LCU/tonne)","01316","Mangoes, guavas and mangosteens","2023","2023","7021","Annual value","LCU","5991.6","A","Official figure"
"PP","Producer Prices","484","Mexico","5530","Producer Price (LCU/tonne)","21111.01","Meat of cattle with the bone, fresh or chilled","2020","2020","7021","Annual value","LCU","69682","A","Official figure"
"PP","Producer Prices","484","Mexico","5530","Producer Price (LCU/tonne)","21111.01","Meat of cattle with the bone, fresh or chilled","2021","2021","7021","Annual value","LCU","71230.7","A","Official figure"
"PP","Producer Prices","484","Mexico","5530","Producer Price (LCU/tonne)","21111.01","Meat of cattle with the bone, fresh or chilled","2022","2022","7021","Annual value","LCU","75295.8","A","Official figure"
"PP","Producer Prices","484","Mexico","5530","Producer Price (LCU/tonne)","21111.01","Meat of cattle with the bone, fresh or chilled","2023","2023","7021","Annual value","LCU","77432.1","A","Official figure"
"PP","Producer Prices","484","Mexico","5530","Producer Price (LCU/tonne)","21111.01b","Meat of cattle with the bone, fresh or chilled (biological)","2020","2020","7021","Annual value","LCU","35821.9","A","Official figure"
"PP","Producer Prices","484","Mexico","5530","Producer Price (LCU/tonne)","21111.01b","Meat of cattle with the bone, fresh or chilled (biological)","2021","2021","7021","Annual value","LCU","36299.7","A","Official figure"
"PP","Producer Prices","484","Mexico","5530","Producer Price (LCU/tonne)","21111.01b","Meat of cattle with the bone, fresh or chilled (biological)","2022","2022","7021","Annual value","LCU","38140.1","A","Official figure"
"PP","Producer Prices","484","Mexico","5530","Producer Price (LCU/tonne)","21111.01b","Meat of cattle with the bone, fresh or chilled (biological)","2023","2023","7021","Annual value","LCU","39477.3","A","Official figure"
"PP","Producer Prices","484","Mexico","5530","Producer Price (LCU/tonne)","21121","Meat of chickens, fresh or chilled","2020","2020","7021","Annual value","LCU","33904.2","A","Official figure"
"PP","Producer Prices","484","Mexico","5530","Producer Price (LCU/tonne)","21121","Meat of chickens, fresh or chilled","2021","2021","7021","Annual value","LCU","35122","A","Official figure"
"PP","Producer Prices","484","Mexico","5530","Producer Price (LCU/tonne)","21121","Meat of chickens, fresh or chilled","2022","2022","7021","Annual value","LCU","37169.9","A","Official figure"
"PP","Producer Prices","484","Mexico","5530","Producer Price (LCU/tonne)","21121","Meat of chickens, fresh or chilled","2023","2023","7021","Annual value","LCU","38055.1","A","Official figure"
"PP","Producer Prices","484","Mexico","5530","Producer Price (LCU/tonne)","21121b","Meat of chickens, fresh or chilled (biological)","2020","2020","7021","Annual value","LCU","24392","A","Official figure"
"PP","Producer Prices","484","Mexico","5530","Producer Price (LCU/tonne)","21121b","Meat of chickens, fresh or chilled (biological)","2021","2021","7021","Annual value","LCU","24619.1","A","Official figure"
"PP","Producer Prices","484","Mexico","5530","Producer Price (LCU/tonne)","21121b","Meat of chickens, fresh or chilled (biological)","2022","2022","7021","Annual value","LCU","26463.5","A","Official figure"
"PP","Producer Prices","484","Mexico","5530","Producer Price (LCU/tonne)","21121b","Meat of chickens, fresh or chilled (biological)","2023","2023","7021","Annual value","LCU","27217.7","A","Official figure"
"PP","Producer Prices","484","Mexico","5530","Producer Price (LCU/tonne)","21116","Meat of goat, fresh or chilled","2020","2020","7021","Annual value","LCU","67580.8","A","Official figure"
"PP","Producer Prices","484","Mexico","5530","Producer Price (LCU/tonne)","21116","Meat of goat, fresh or chilled","2021","2021","7021","Annual value","LCU","69203","A","Official figure"
"PP","Producer Prices","484","Mexico","5530","Producer Price (LCU/tonne)","21116","Meat of goat, fresh or chilled","2022","2022","7021","Annual value","LCU","74481.2","A","Official figure"
"PP","Producer Prices","484","Mexico","5530","Producer Price (LCU/tonne)","21116","Meat of goat, fresh or chilled","2023","2023","7021","Annual value","LCU","75608.4","A","Official figure"
"PP","Producer Prices","484","Mexico","5530","Producer Price (LCU/tonne)","21116b","Meat of goat, fresh or chilled (biological)","2020","2020","7021","Annual value","LCU","32577.6","A","Official figure"
"PP","Producer Prices","484","Mexico","5530","Producer Price (LCU/tonne)","21116b","Meat of goat, fresh or chilled (biological)","2021","2021","7021","Annual value","LCU","32781.6","A","Official figure"
"PP","Producer Prices","484","Mexico","5530","Producer Price (LCU/tonne)","21116b","Meat of goat, fresh or chilled (biological)","2022","2022","7021","Annual value","LCU","35549.3","A","Official figure"
"PP","Producer Prices","484","Mexico","5530","Producer Price (LCU/tonne)","21116b","Meat of goat, fresh or chilled (biological)","2023","2023","7021","Annual value","LCU","35516.1","A","Official figure"
"PP","Producer Prices","484","Mexico","5530","Producer Price (LCU/tonne)","21113.01","Meat of pig with the bone, fresh or chilled","2020","2020","7021","Annual value","LCU","45597.1","A","Official figure"
"PP","Producer Prices","484","Mexico","5530","Producer Price (LCU/tonne)","21113.01","Meat of pig with the bone, fresh or chilled","2021","2021","7021","Annual value","LCU","46751.1","A","Official figure"
"PP","Producer Prices","484","Mexico","5530","Producer Price (LCU/tonne)","21113.01","Meat of pig with the bone, fresh or chilled","2022","2022","7021","Annual value","LCU","50404.8","A","Official figure"
"PP","Producer Prices","484","Mexico","5530","Producer Price (LCU/tonne)","21113.01","Meat of pig with the bone, fresh or chilled","2023","2023","7021","Annual value","LCU","51841","A","Official figure"
"PP","Producer Prices","484","Mexico","5530","Producer Price (LCU/tonne)","21113.01b","Meat of pig with the bone, fresh or chilled (biological)","2020","2020","7021","Annual value","LCU","27730.5","A","Official figure"
"PP","Producer Prices","484","Mexico","5530","Producer Price (LCU/tonne)","21113.01b","Meat of pig with the bone, fresh or chilled (biological)","2021","2021","7021","Annual value","LCU","28142.3","A","Official figure"
"PP","Producer Prices","484","Mexico","5530","Producer Price (LCU/tonne)","21113.01b","Meat of pig with the bone, fresh or chilled (biological)","2022","2022","7021","Annual value","LCU","33283.4","A","Official figure"
"PP","Producer Prices","484","Mexico","5530","Producer Price (LCU/tonne)","21113.01b","Meat of pig with the bone, fresh or chilled (biological)","2023","2023","7021","Annual value","LCU","34618.6","A","Official figure"
"PP","Producer Prices","484","Mexico","5530","Producer Price (LCU/tonne)","21115","Meat of sheep, fresh or chilled","2020","2020","7021","Annual value","LCU","76205.3","A","Official figure"
"PP","Producer Prices","484","Mexico","5530","Producer Price (LCU/tonne)","21115","Meat of sheep, fresh or chilled","2021","2021","7021","Annual value","LCU","77324.3","A","Official figure"
"PP","Producer Prices","484","Mexico","5530","Producer Price (LCU/tonne)","21115","Meat of sheep, fresh or chilled","2022","2022","7021","Annual value","LCU","84465.6","A","Official figure"
"PP","Producer Prices","484","Mexico","5530","Producer Price (LCU/tonne)","21115","Meat of sheep, fresh or chilled","2023","2023","7021","Annual value","LCU","88912.5","A","Official figure"
"PP","Producer Prices","484","Mexico","5530","Producer Price (LCU/tonne)","21115b","Meat of sheep, fresh or chilled (biological)","2020","2020","7021","Annual value","LCU","36550.7","A","Official figure"
"PP","Producer Prices","484","Mexico","5530","Producer Price (LCU/tonne)","21115b","Meat of sheep, fresh or chilled (biological)","2021","2021","7021","Annual value","LCU","36982.5","A","Official figure"
"PP","Producer Prices","484","Mexico","5530","Producer Price (LCU/tonne)","21115b","Meat of sheep, fresh or chilled (biological)","2022","2022","7021","Annual value","LCU","40122.2","A","Official figure"
"PP","Producer Prices","484","Mexico","5530","Producer Price (LCU/tonne)","21115b","Meat of sheep, fresh or chilled (biological)","2023","2023","7021","Annual value","LCU","42838.9","A","Official figure"
"PP","Producer Prices","484","Mexico","5530","Producer Price (LCU/tonne)","21124","Meat of turkeys, fresh or chilled","2020","2020","7021","Annual value","LCU","60328.7","A","Official figure"
"PP","Producer Prices","484","Mexico","5530","Producer Price (LCU/tonne)","21124","Meat of turkeys, fresh or chilled","2021","2021","7021","Annual value","LCU","60566.7","A","Official figure"
"PP","Producer Prices","484","Mexico","5530","Producer Price (LCU/tonne)","21124","Meat of turkeys, fresh or chilled","2022","2022","7021","Annual value","LCU","63847","A","Official figure"
"PP","Producer Prices","484","Mexico","5530","Producer Price (LCU/tonne)","21124","Meat of turkeys, fresh or chilled","2023","2023","7021","Annual value","LCU","65035.6","A","Official figure"
"PP","Producer Prices","484","Mexico","5530","Producer Price (LCU/tonne)","21124b","Meat of turkeys, fresh or chilled (biological)","2020","2020","7021","Annual value","LCU","39614.1","A","Official figure"
"PP","Producer Prices","484","Mexico","5530","Producer Price (LCU/tonne)","21124b","Meat of turkeys, fresh or chilled (biological)","2021","2021","7021","Annual value","LCU","40205.9","A","Official figure"
"PP","Producer Prices","484","Mexico","5530","Producer Price (LCU/tonne)","21124b","Meat of turkeys, fresh or chilled (biological)","2022","2022","7021","Annual value","LCU","42959.7","A","Official figure"
"PP","Producer Prices","484","Mexico","5530","Producer Price (LCU/tonne)","21124b","Meat of turkeys, fresh or chilled (biological)","2023","2023","7021","Annual value","LCU","43522.8","A","Official figure"
"PP","Producer Prices","484","Mexico","5530","Producer Price (LCU/tonne)","0118","Millet","2021","2021","7021","Annual value","LCU","560.3","A","Official figure"
"PP","Producer Prices","484","Mexico","5530","Producer Price (LCU/tonne)","0118","Millet","2022","2022","7021","Annual value","LCU","643.1","A","Official figure"
"PP","Producer Prices","484","Mexico","5530","Producer Price (LCU/tonne)","0118","Millet","2023","2023","7021","Annual value","LCU","707.4","A","Official figure"
"PP","Producer Prices","484","Mexico","5530","Producer Price (LCU/tonne)","02910","Natural honey","2020","2020","7021","Annual value","LCU","40376.7","A","Official figure"
"PP","Producer Prices","484","Mexico","5530","Producer Price (LCU/tonne)","02910","Natural honey","2021","2021","7021","Annual value","LCU","45396.3","A","Official figure"
"PP","Producer Prices","484","Mexico","5530","Producer Price (LCU/tonne)","02910","Natural honey","2022","2022","7021","Annual value","LCU","47537.3","A","Official figure"
"PP","Producer Prices","484","Mexico","5530","Producer Price (LCU/tonne)","02910","Natural honey","2023","2023","7021","Annual value","LCU","43467.1","A","Official figure"
"PP","Producer Prices","484","Mexico","5530","Producer Price (LCU/tonne)","01950.01","Natural rubber in primary forms","2020","2020","7021","Annual value","LCU","12133.2","A","Official figure"
"PP","Producer Prices","484","Mexico","5530","Producer Price (LCU/tonne)","01950.01","Natural rubber in primary forms","2021","2021","7021","Annual value","LCU","11550.6","A","Official figure"
"PP","Producer Prices","484","Mexico","5530","Producer Price (LCU/tonne)","01950.01","Natural rubber in primary forms","2022","2022","7021","Annual value","LCU","12662.1","A","Official figure"
"PP","Producer Prices","484","Mexico","5530","Producer Price (LCU/tonne)","01950.01","Natural rubber in primary forms","2023","2023","7021","Annual value","LCU","12312.2","A","Official figure"
"PP","Producer Prices","484","Mexico","5530","Producer Price (LCU/tonne)","0117","Oats","2020","2020","7021","Annual value","LCU","4648","A","Official figure"
"PP","Producer Prices","484","Mexico","5530","Producer Price (LCU/tonne)","0117","Oats","2021","2021","7021","Annual value","LCU","5731.6","A","Official figure"
"PP","Producer Prices","484","Mexico","5530","Producer Price (LCU/tonne)","0117","Oats","2022","2022","7021","Annual value","LCU","6255.9","A","Official figure"
"PP","Producer Prices","484","Mexico","5530","Producer Price (LCU/tonne)","0117","Oats","2023","2023","7021","Annual value","LCU","6459.9","A","Official figure"
"PP","Producer Prices","484","Mexico","5530","Producer Price (LCU/tonne)","01491.01","Oil palm fruit","2020","2020","7021","Annual value","LCU","1470.8","A","Official figure"
"PP","Producer Prices","484","Mexico","5530","Producer Price (LCU/tonne)","01491.01","Oil palm fruit","2021","2021","7021","Annual value","LCU","1468","A","Official figure"
"PP","Producer Prices","484","Mexico","5530","Producer Price (LCU/tonne)","01491.01","Oil palm fruit","2022","2022","7021","Annual value","LCU","1656.8","A","Official figure"
"PP","Producer Prices","484","Mexico","5530","Producer Price (LCU/tonne)","01491.01","Oil palm fruit","2023","2023","7021","Annual value","LCU","2262.8","A","Official figure"
"PP","Producer Prices","484","Mexico","5530","Producer Price (LCU/tonne)","01239.01","Okra","2020","2020","7021","Annual value","LCU","4526.4","A","Official figure"
"PP","Producer Prices","484","Mexico","5530","Producer Price (LCU/tonne)","01239.01","Okra","2021","2021","7021","Annual value","LCU","4543.5","A","Official figure"
"PP","Producer Prices","484","Mexico","5530","Producer Price (LCU/tonne)","01239.01","Okra","2022","2022","7021","Annual value","LCU","6653.5","A","Official figure"
"PP","Producer Prices","484","Mexico","5530","Producer Price (LCU/tonne)","01239.01","Okra","2023","2023","7021","Annual value","LCU","6717.9","A","Official figure"
"PP","Producer Prices","484","Mexico","5530","Producer Price (LCU/tonne)","01450","Olives","2020","2020","7021","Annual value","LCU","9118.4","A","Official figure"
"PP","Producer Prices","484","Mexico","5530","Producer Price (LCU/tonne)","01450","Olives","2021","2021","7021","Annual value","LCU","9005.7","A","Official figure"
"PP","Producer Prices","484","Mexico","5530","Producer Price (LCU/tonne)","01450","Olives","2022","2022","7021","Annual value","LCU","12922.6","A","Official figure"
"PP","Producer Prices","484","Mexico","5530","Producer Price (LCU/tonne)","01450","Olives","2023","2023","7021","Annual value","LCU","15059.4","A","Official figure"
"PP","Producer Prices","484","Mexico","5530","Producer Price (LCU/tonne)","01253.01","Onions and shallots, green","2020","2020","7021","Annual value","LCU","5967.1","A","Official figure"
"PP","Producer Prices","484","Mexico","5530","Producer Price (LCU/tonne)","01253.01","Onions and shallots, green","2021","2021","7021","Annual value","LCU","5506.9","A","Official figure"
"PP","Producer Prices","484","Mexico","5530","Producer Price (LCU/tonne)","01253.01","Onions and shallots, green","2022","2022","7021","Annual value","LCU","7357.4","A","Official figure"
"PP","Producer Prices","484","Mexico","5530","Producer Price (LCU/tonne)","01253.01","Onions and shallots, green","2023","2023","7021","Annual value","LCU","7410.3","A","Official figure"
"PP","Producer Prices","484","Mexico","5530","Producer Price (LCU/tonne)","01323","Oranges","2020","2020","7021","Annual value","LCU","3006.3","A","Official figure"
"PP","Producer Prices","484","Mexico","5530","Producer Price (LCU/tonne)","01323","Oranges","2021","2021","7021","Annual value","LCU","2850.7","A","Official figure"
"PP","Producer Prices","484","Mexico","5530","Producer Price (LCU/tonne)","01323","Oranges","2022","2022","7021","Annual value","LCU","3325.3","A","Official figure"
"PP","Producer Prices","484","Mexico","5530","Producer Price (LCU/tonne)","01323","Oranges","2023","2023","7021","Annual value","LCU","3985.7","A","Official figure"
"PP","Producer Prices","484","Mexico","5530","Producer Price (LCU/tonne)","01312.02","Other bananas (excluding cavendish and cooking bananas)","2020","2020","7021","Annual value","LCU","3867","A","Official figure"
"PP","Producer Prices","484","Mexico","5530","Producer Price (LCU/tonne)","01312.02","Other bananas (excluding cavendish and cooking bananas)","2021","2021","7021","Annual value","LCU","3767","A","Official figure"
"PP","Producer Prices","484","Mexico","5530","Producer Price (LCU/tonne)","01312.02","Other bananas (excluding cavendish and cooking bananas)","2022","2022","7021","Annual value","LCU","4094","A","Official figure"
"PP","Producer Prices","484","Mexico","5530","Producer Price (LCU/tonne)","01312.02","Other bananas (excluding cavendish and cooking bananas)","2023","2023","7021","Annual value","LCU","4171","A","Official figure"
"PP","Producer Prices","484","Mexico","5530","Producer Price (LCU/tonne)","01241.90","Other beans, green","2020","2020","7021","Annual value","LCU","7478.4","A","Official figure"
"PP","Producer Prices","484","Mexico","5530","Producer Price (LCU/tonne)","01241.90","Other beans, green","2021","2021","7021","Annual value","LCU","7594.5","A","Official figure"
"PP","Producer Prices","484","Mexico","5530","Producer Price (LCU/tonne)","01241.90","Other beans, green","2022","2022","7021","Annual value","LCU","8425.6","A","Official figure"
"PP","Producer Prices","484","Mexico","5530","Producer Price (LCU/tonne)","01241.90","Other beans, green","2023","2023","7021","Annual value","LCU","10688.4","A","Official figure"
"PP","Producer Prices","484","Mexico","5530","Producer Price (LCU/tonne)","01317","Papayas","2020","2020","7021","Annual value","LCU","5659.7","A","Official figure"
"PP","Producer Prices","484","Mexico","5530","Producer Price (LCU/tonne)","01317","Papayas","2021","2021","7021","Annual value","LCU","5956.4","A","Official figure"
"PP","Producer Prices","484","Mexico","5530","Producer Price (LCU/tonne)","01317","Papayas","2022","2022","7021","Annual value","LCU","6246.1","A","Official figure"
"PP","Producer Prices","484","Mexico","5530","Producer Price (LCU/tonne)","01317","Papayas","2023","2023","7021","Annual value","LCU","6621.6","A","Official figure"
"PP","Producer Prices","484","Mexico","5530","Producer Price (LCU/tonne)","01345","Peaches and nectarines","2020","2020","7021","Annual value","LCU","10362.4","A","Official figure"
"PP","Producer Prices","484","Mexico","5530","Producer Price (LCU/tonne)","01345","Peaches and nectarines","2021","2021","7021","Annual value","LCU","10803.1","A","Official figure"
"PP","Producer Prices","484","Mexico","5530","Producer Price (LCU/tonne)","01345","Peaches and nectarines","2022","2022","7021","Annual value","LCU","11185","A","Official figure"
"PP","Producer Prices","484","Mexico","5530","Producer Price (LCU/tonne)","01345","Peaches and nectarines","2023","2023","7021","Annual value","LCU","12534.3","A","Official figure"
"PP","Producer Prices","484","Mexico","5530","Producer Price (LCU/tonne)","01342.01","Pears","2020","2020","7021","Annual value","LCU","4814.2","A","Official figure"
"PP","Producer Prices","484","Mexico","5530","Producer Price (LCU/tonne)","01342.01","Pears","2021","2021","7021","Annual value","LCU","4786.3","A","Official figure"
"PP","Producer Prices","484","Mexico","5530","Producer Price (LCU/tonne)","01342.01","Pears","2022","2022","7021","Annual value","LCU","5310.4","A","Official figure"
"PP","Producer Prices","484","Mexico","5530","Producer Price (LCU/tonne)","01342.01","Pears","2023","2023","7021","Annual value","LCU","5872.2","A","Official figure"
"PP","Producer Prices","484","Mexico","5530","Producer Price (LCU/tonne)","01705","Peas, dry","2020","2020","7021","Annual value","LCU","8350.5","A","Official figure"
"PP","Producer Prices","484","Mexico","5530","Producer Price (LCU/tonne)","01705","Peas, dry","2021","2021","7021","Annual value","LCU","8496.8","A","Official figure"
"PP","Producer Prices","484","Mexico","5530","Producer Price (LCU/tonne)","01705","Peas, dry","2022","2022","7021","Annual value","LCU","8985.5","A","Official figure"
"PP","Producer Prices","484","Mexico","5530","Producer Price (LCU/tonne)","01705","Peas, dry","2023","2023","7021","Annual value","LCU","9276.3","A","Official figure"
"PP","Producer Prices","484","Mexico","5530","Producer Price (LCU/tonne)","01242","Peas, green","2020","2020","7021","Annual value","LCU","8654.5","A","Official figure"
"PP","Producer Prices","484","Mexico","5530","Producer Price (LCU/tonne)","01242","Peas, green","2021","2021","7021","Annual value","LCU","8770.3","A","Official figure"
"PP","Producer Prices","484","Mexico","5530","Producer Price (LCU/tonne)","01242","Peas, green","2022","2022","7021","Annual value","LCU","9694.7","A","Official figure"
"PP","Producer Prices","484","Mexico","5530","Producer Price (LCU/tonne)","01242","Peas, green","2023","2023","7021","Annual value","LCU","9879.2","A","Official figure"
"PP","Producer Prices","484","Mexico","5530","Producer Price (LCU/tonne)","01651","Pepper (Piper spp.), raw","2020","2020","7021","Annual value","LCU","13923.1","A","Official figure"
"PP","Producer Prices","484","Mexico","5530","Producer Price (LCU/tonne)","01651","Pepper (Piper spp.), raw","2021","2021","7021","Annual value","LCU","13726.8","A","Official figure"
"PP","Producer Prices","484","Mexico","5530","Producer Price (LCU/tonne)","01651","Pepper (Piper spp.), raw","2022","2022","7021","Annual value","LCU","15720.7","A","Official figure"
"PP","Producer Prices","484","Mexico","5530","Producer Price (LCU/tonne)","01651","Pepper (Piper spp.), raw","2023","2023","7021","Annual value","LCU","15633.7","A","Official figure"
"PP","Producer Prices","484","Mexico","5530","Producer Price (LCU/tonne)","01359.01","Persimmons","2020","2020","7021","Annual value","LCU","16903.5","A","Official figure"
"PP","Producer Prices","484","Mexico","5530","Producer Price (LCU/tonne)","01359.01","Persimmons","2021","2021","7021","Annual value","LCU","16678.6","A","Official figure"
"PP","Producer Prices","484","Mexico","5530","Producer Price (LCU/tonne)","01359.01","Persimmons","2022","2022","7021","Annual value","LCU","16797","A","Official figure"
"PP","Producer Prices","484","Mexico","5530","Producer Price (LCU/tonne)","01359.01","Persimmons","2023","2023","7021","Annual value","LCU","19194.1","A","Official figure"
"PP","Producer Prices","484","Mexico","5530","Producer Price (LCU/tonne)","01318","Pineapples","2020","2020","7021","Annual value","LCU","4545","A","Official figure"
"PP","Producer Prices","484","Mexico","5530","Producer Price (LCU/tonne)","01318","Pineapples","2021","2021","7021","Annual value","LCU","5026","A","Official figure"
"PP","Producer Prices","484","Mexico","5530","Producer Price (LCU/tonne)","01318","Pineapples","2022","2022","7021","Annual value","LCU","5106.5","A","Official figure"
"PP","Producer Prices","484","Mexico","5530","Producer Price (LCU/tonne)","01318","Pineapples","2023","2023","7021","Annual value","LCU","5732","A","Official figure"
"PP","Producer Prices","484","Mexico","5530","Producer Price (LCU/tonne)","01375","Pistachios, in shell","2020","2020","7021","Annual value","LCU","118189.8","A","Official figure"
"PP","Producer Prices","484","Mexico","5530","Producer Price (LCU/tonne)","01375","Pistachios, in shell","2021","2021","7021","Annual value","LCU","100717.2","A","Official figure"
"PP","Producer Prices","484","Mexico","5530","Producer Price (LCU/tonne)","01375","Pistachios, in shell","2022","2022","7021","Annual value","LCU","113386.5","A","Official figure"
"PP","Producer Prices","484","Mexico","5530","Producer Price (LCU/tonne)","01375","Pistachios, in shell","2023","2023","7021","Annual value","LCU","100895.4","A","Official figure"
"PP","Producer Prices","484","Mexico","5530","Producer Price (LCU/tonne)","01346","Plums and sloes","2020","2020","7021","Annual value","LCU","5709","A","Official figure"
"PP","Producer Prices","484","Mexico","5530","Producer Price (LCU/tonne)","01346","Plums and sloes","2021","2021","7021","Annual value","LCU","5773.3","A","Official figure"
"PP","Producer Prices","484","Mexico","5530","Producer Price (LCU/tonne)","01346","Plums and sloes","2022","2022","7021","Annual value","LCU","6861.2","A","Official figure"
"PP","Producer Prices","484","Mexico","5530","Producer Price (LCU/tonne)","01346","Plums and sloes","2023","2023","7021","Annual value","LCU","7076.1","A","Official figure"
"PP","Producer Prices","484","Mexico","5530","Producer Price (LCU/tonne)","01321","Pomelos and grapefruits","2020","2020","7021","Annual value","LCU","3267.7","A","Official figure"
"PP","Producer Prices","484","Mexico","5530","Producer Price (LCU/tonne)","01321","Pomelos and grapefruits","2021","2021","7021","Annual value","LCU","3109","A","Official figure"
"PP","Producer Prices","484","Mexico","5530","Producer Price (LCU/tonne)","01321","Pomelos and grapefruits","2022","2022","7021","Annual value","LCU","3880.3","A","Official figure"
"PP","Producer Prices","484","Mexico","5530","Producer Price (LCU/tonne)","01321","Pomelos and grapefruits","2023","2023","7021","Annual value","LCU","4466.5","A","Official figure"
"PP","Producer Prices","484","Mexico","5530","Producer Price (LCU/tonne)","01510","Potatoes","2020","2020","7021","Annual value","LCU","7779.4","A","Official figure"
"PP","Producer Prices","484","Mexico","5530","Producer Price (LCU/tonne)","01510","Potatoes","2021","2021","7021","Annual value","LCU","8409.8","A","Official figure"
"PP","Producer Prices","484","Mexico","5530","Producer Price (LCU/tonne)","01510","Potatoes","2022","2022","7021","Annual value","LCU","8607.3","A","Official figure"
"PP","Producer Prices","484","Mexico","5530","Producer Price (LCU/tonne)","01510","Potatoes","2023","2023","7021","Annual value","LCU","8773.8","A","Official figure"
"PP","Producer Prices","484","Mexico","5530","Producer Price (LCU/tonne)","01235","Pumpkins, squash and gourds","2020","2020","7021","Annual value","LCU","6262.5","A","Official figure"
"PP","Producer Prices","484","Mexico","5530","Producer Price (LCU/tonne)","01235","Pumpkins, squash and gourds","2021","2021","7021","Annual value","LCU","6370.8","A","Official figure"
"PP","Producer Prices","484","Mexico","5530","Producer Price (LCU/tonne)","01235","Pumpkins, squash and gourds","2022","2022","7021","Annual value","LCU","6715.3","A","Official figure"
"PP","Producer Prices","484","Mexico","5530","Producer Price (LCU/tonne)","01235","Pumpkins, squash and gourds","2023","2023","7021","Annual value","LCU","6986.1","A","Official figure"
"PP","Producer Prices","484","Mexico","5530","Producer Price (LCU/tonne)","01342.02","Quinces","2020","2020","7021","Annual value","LCU","9247.2","A","Official figure"
"PP","Producer Prices","484","Mexico","5530","Producer Price (LCU/tonne)","01342.02","Quinces","2021","2021","7021","Annual value","LCU","9124.1","A","Official figure"
"PP","Producer Prices","484","Mexico","5530","Producer Price (LCU/tonne)","01342.02","Quinces","2022","2022","7021","Annual value","LCU","9520.9","A","Official figure"
"PP","Producer Prices","484","Mexico","5530","Producer Price (LCU/tonne)","01342.02","Quinces","2023","2023","7021","Annual value","LCU","13874.8","A","Official figure"
"PP","Producer Prices","484","Mexico","5530","Producer Price (LCU/tonne)","01443","Rape or colza seed","2020","2020","7021","Annual value","LCU","7164.9","A","Official figure"
"PP","Producer Prices","484","Mexico","5530","Producer Price (LCU/tonne)","01443","Rape or colza seed","2021","2021","7021","Annual value","LCU","7299.6","A","Official figure"
"PP","Producer Prices","484","Mexico","5530","Producer Price (LCU/tonne)","01443","Rape or colza seed","2022","2022","7021","Annual value","LCU","11675.7","A","Official figure"
"PP","Producer Prices","484","Mexico","5530","Producer Price (LCU/tonne)","01443","Rape or colza seed","2023","2023","7021","Annual value","LCU","12007","A","Official figure"
"PP","Producer Prices","484","Mexico","5530","Producer Price (LCU/tonne)","01353.01","Raspberries","2020","2020","7021","Annual value","LCU","32457.8","A","Official figure"
"PP","Producer Prices","484","Mexico","5530","Producer Price (LCU/tonne)","01353.01","Raspberries","2021","2021","7021","Annual value","LCU","40629.7","A","Official figure"
"PP","Producer Prices","484","Mexico","5530","Producer Price (LCU/tonne)","01353.01","Raspberries","2022","2022","7021","Annual value","LCU","70528.2","A","Official figure"
"PP","Producer Prices","484","Mexico","5530","Producer Price (LCU/tonne)","01353.01","Raspberries","2023","2023","7021","Annual value","LCU","70745.5","A","Official figure"
"PP","Producer Prices","484","Mexico","5530","Producer Price (LCU/tonne)","02211","Raw milk of cattle","2020","2020","7021","Annual value","LCU","6747.4","A","Official figure"
"PP","Producer Prices","484","Mexico","5530","Producer Price (LCU/tonne)","02211","Raw milk of cattle","2021","2021","7021","Annual value","LCU","7067.1","A","Official figure"
"PP","Producer Prices","484","Mexico","5530","Producer Price (LCU/tonne)","02211","Raw milk of cattle","2022","2022","7021","Annual value","LCU","7787.1","A","Official figure"
"PP","Producer Prices","484","Mexico","5530","Producer Price (LCU/tonne)","02211","Raw milk of cattle","2023","2023","7021","Annual value","LCU","8461.9","A","Official figure"
"PP","Producer Prices","484","Mexico","5530","Producer Price (LCU/tonne)","02292","Raw milk of goats","2020","2020","7021","Annual value","LCU","6460.5","A","Official figure"
"PP","Producer Prices","484","Mexico","5530","Producer Price (LCU/tonne)","02292","Raw milk of goats","2021","2021","7021","Annual value","LCU","6826","A","Official figure"
"PP","Producer Prices","484","Mexico","5530","Producer Price (LCU/tonne)","02292","Raw milk of goats","2022","2022","7021","Annual value","LCU","7273.7","A","Official figure"
"PP","Producer Prices","484","Mexico","5530","Producer Price (LCU/tonne)","02292","Raw milk of goats","2023","2023","7021","Annual value","LCU","7900.9","A","Official figure"
"PP","Producer Prices","484","Mexico","5530","Producer Price (LCU/tonne)","0113","Rice","2020","2020","7021","Annual value","LCU","4985.8","A","Official figure"
"PP","Producer Prices","484","Mexico","5530","Producer Price (LCU/tonne)","0113","Rice","2021","2021","7021","Annual value","LCU","5218.1","A","Official figure"
"PP","Producer Prices","484","Mexico","5530","Producer Price (LCU/tonne)","0113","Rice","2022","2022","7021","Annual value","LCU","5993.1","A","Official figure"
"PP","Producer Prices","484","Mexico","5530","Producer Price (LCU/tonne)","0113","Rice","2023","2023","7021","Annual value","LCU","5863.1","A","Official figure"
"PP","Producer Prices","484","Mexico","5530","Producer Price (LCU/tonne)","0116","Rye","2020","2020","7021","Annual value","LCU","3613.9","A","Official figure"
"PP","Producer Prices","484","Mexico","5530","Producer Price (LCU/tonne)","0116","Rye","2021","2021","7021","Annual value","LCU","3672","A","Official figure"
"PP","Producer Prices","484","Mexico","5530","Producer Price (LCU/tonne)","0116","Rye","2022","2022","7021","Annual value","LCU","3900","A","Official figure"
"PP","Producer Prices","484","Mexico","5530","Producer Price (LCU/tonne)","0116","Rye","2023","2023","7021","Annual value","LCU","4290","A","Official figure"
"PP","Producer Prices","484","Mexico","5530","Producer Price (LCU/tonne)","01446","Safflower seed","2020","2020","7021","Annual value","LCU","7916","A","Official figure"
"PP","Producer Prices","484","Mexico","5530","Producer Price (LCU/tonne)","01446","Safflower seed","2021","2021","7021","Annual value","LCU","8158.7","A","Official figure"
"PP","Producer Prices","484","Mexico","5530","Producer Price (LCU/tonne)","01446","Safflower seed","2022","2022","7021","Annual value","LCU","10788.9","A","Official figure"
"PP","Producer Prices","484","Mexico","5530","Producer Price (LCU/tonne)","01446","Safflower seed","2023","2023","7021","Annual value","LCU","11248.2","A","Official figure"
"PP","Producer Prices","484","Mexico","5530","Producer Price (LCU/tonne)","01921.01","Seed cotton, unginned","2020","2020","7021","Annual value","LCU","13345","A","Official figure"
"PP","Producer Prices","484","Mexico","5530","Producer Price (LCU/tonne)","01921.01","Seed cotton, unginned","2021","2021","7021","Annual value","LCU","18285.6","A","Official figure"
"PP","Producer Prices","484","Mexico","5530","Producer Price (LCU/tonne)","01921.01","Seed cotton, unginned","2022","2022","7021","Annual value","LCU","16012.2","A","Official figure"
"PP","Producer Prices","484","Mexico","5530","Producer Price (LCU/tonne)","01921.01","Seed cotton, unginned","2023","2023","7021","Annual value","LCU","15971.4","A","Official figure"
"PP","Producer Prices","484","Mexico","5530","Producer Price (LCU/tonne)","01444","Sesame seed","2020","2020","7021","Annual value","LCU","18693.3","A","Official figure"
"PP","Producer Prices","484","Mexico","5530","Producer Price (LCU/tonne)","01444","Sesame seed","2021","2021","7021","Annual value","LCU","21188","A","Official figure"
"PP","Producer Prices","484","Mexico","5530","Producer Price (LCU/tonne)","01444","Sesame seed","2022","2022","7021","Annual value","LCU","21011.5","A","Official figure"
"PP","Producer Prices","484","Mexico","5530","Producer Price (LCU/tonne)","01444","Sesame seed","2023","2023","7021","Annual value","LCU","22617.1","A","Official figure"
"PP","Producer Prices","484","Mexico","5530","Producer Price (LCU/tonne)","02941","Shorn wool, greasy, including fleece-washed shorn wool","2020","2020","7021","Annual value","LCU","5211.4","A","Official figure"
"PP","Producer Prices","484","Mexico","5530","Producer Price (LCU/tonne)","02941","Shorn wool, greasy, including fleece-washed shorn wool","2021","2021","7021","Annual value","LCU","5267.4","A","Official figure"
"PP","Producer Prices","484","Mexico","5530","Producer Price (LCU/tonne)","02941","Shorn wool, greasy, including fleece-washed shorn wool","2022","2022","7021","Annual value","LCU","5564.4","A","Official figure"
"PP","Producer Prices","484","Mexico","5530","Producer Price (LCU/tonne)","02941","Shorn wool, greasy, including fleece-washed shorn wool","2023","2023","7021","Annual value","LCU","5827.2","A","Official figure"
"PP","Producer Prices","484","Mexico","5530","Producer Price (LCU/tonne)","01929.05","Sisal, raw","2021","2021","7021","Annual value","LCU","11436.5","A","Official figure"
"PP","Producer Prices","484","Mexico","5530","Producer Price (LCU/tonne)","01929.05","Sisal, raw","2022","2022","7021","Annual value","LCU","14650.8","A","Official figure"
"PP","Producer Prices","484","Mexico","5530","Producer Price (LCU/tonne)","01929.05","Sisal, raw","2023","2023","7021","Annual value","LCU","15383.4","A","Official figure"
"PP","Producer Prices","484","Mexico","5530","Producer Price (LCU/tonne)","0114","Sorghum","2020","2020","7021","Annual value","LCU","3746.6","A","Official figure"
"PP","Producer Prices","484","Mexico","5530","Producer Price (LCU/tonne)","0114","Sorghum","2021","2021","7021","Annual value","LCU","5077.6","A","Official figure"
"PP","Producer Prices","484","Mexico","5530","Producer Price (LCU/tonne)","0114","Sorghum","2022","2022","7021","Annual value","LCU","6152.2","A","Official figure"
"PP","Producer Prices","484","Mexico","5530","Producer Price (LCU/tonne)","0114","Sorghum","2023","2023","7021","Annual value","LCU","5407.9","A","Official figure"
"PP","Producer Prices","484","Mexico","5530","Producer Price (LCU/tonne)","0141","Soya beans","2020","2020","7021","Annual value","LCU","7905.2","A","Official figure"
"PP","Producer Prices","484","Mexico","5530","Producer Price (LCU/tonne)","0141","Soya beans","2021","2021","7021","Annual value","LCU","9467.7","A","Official figure"
"PP","Producer Prices","484","Mexico","5530","Producer Price (LCU/tonne)","0141","Soya beans","2022","2022","7021","Annual value","LCU","9447.8","A","Official figure"
"PP","Producer Prices","484","Mexico","5530","Producer Price (LCU/tonne)","0141","Soya beans","2023","2023","7021","Annual value","LCU","9268.6","A","Official figure"
"PP","Producer Prices","484","Mexico","5530","Producer Price (LCU/tonne)","01215","Spinach","2020","2020","7021","Annual value","LCU","5046.9","A","Official figure"
"PP","Producer Prices","484","Mexico","5530","Producer Price (LCU/tonne)","01215","Spinach","2021","2021","7021","Annual value","LCU","5081","A","Official figure"
"PP","Producer Prices","484","Mexico","5530","Producer Price (LCU/tonne)","01215","Spinach","2022","2022","7021","Annual value","LCU","4981.3","A","Official figure"
"PP","Producer Prices","484","Mexico","5530","Producer Price (LCU/tonne)","01215","Spinach","2023","2023","7021","Annual value","LCU","5633.5","A","Official figure"
"PP","Producer Prices","484","Mexico","5530","Producer Price (LCU/tonne)","01354","Strawberries","2020","2020","7021","Annual value","LCU","19229","A","Official figure"
"PP","Producer Prices","484","Mexico","5530","Producer Price (LCU/tonne)","01354","Strawberries","2021","2021","7021","Annual value","LCU","20245.6","A","Official figure"
"PP","Producer Prices","484","Mexico","5530","Producer Price (LCU/tonne)","01354","Strawberries","2022","2022","7021","Annual value","LCU","24154.4","A","Official figure"
"PP","Producer Prices","484","Mexico","5530","Producer Price (LCU/tonne)","01354","Strawberries","2023","2023","7021","Annual value","LCU","24135.4","A","Official figure"
"PP","Producer Prices","484","Mexico","5530","Producer Price (LCU/tonne)","01802","Sugar cane","2020","2020","7021","Annual value","LCU","789.1","A","Official figure"
"PP","Producer Prices","484","Mexico","5530","Producer Price (LCU/tonne)","01802","Sugar cane","2021","2021","7021","Annual value","LCU","849.4","A","Official figure"
"PP","Producer Prices","484","Mexico","5530","Producer Price (LCU/tonne)","01802","Sugar cane","2022","2022","7021","Annual value","LCU","937.5","A","Official figure"
"PP","Producer Prices","484","Mexico","5530","Producer Price (LCU/tonne)","01802","Sugar cane","2023","2023","7021","Annual value","LCU","952.3","A","Official figure"
"PP","Producer Prices","484","Mexico","5530","Producer Price (LCU/tonne)","01445","Sunflower seed","2020","2020","7021","Annual value","LCU","6421.3","A","Official figure"
"PP","Producer Prices","484","Mexico","5530","Producer Price (LCU/tonne)","01445","Sunflower seed","2021","2021","7021","Annual value","LCU","6564.8","A","Official figure"
"PP","Producer Prices","484","Mexico","5530","Producer Price (LCU/tonne)","01445","Sunflower seed","2022","2022","7021","Annual value","LCU","8366.7","A","Official figure"
"PP","Producer Prices","484","Mexico","5530","Producer Price (LCU/tonne)","01445","Sunflower seed","2023","2023","7021","Annual value","LCU","8512.4","A","Official figure"
"PP","Producer Prices","484","Mexico","5530","Producer Price (LCU/tonne)","01530","Sweet potatoes","2020","2020","7021","Annual value","LCU","4832.3","A","Official figure"
"PP","Producer Prices","484","Mexico","5530","Producer Price (LCU/tonne)","01530","Sweet potatoes","2021","2021","7021","Annual value","LCU","4956","A","Official figure"
"PP","Producer Prices","484","Mexico","5530","Producer Price (LCU/tonne)","01530","Sweet potatoes","2022","2022","7021","Annual value","LCU","7077","A","Official figure"
"PP","Producer Prices","484","Mexico","5530","Producer Price (LCU/tonne)","01530","Sweet potatoes","2023","2023","7021","Annual value","LCU","7532.6","A","Official figure"
"PP","Producer Prices","484","Mexico","5530","Producer Price (LCU/tonne)","01324","Tangerines, mandarins, clementines","2020","2020","7021","Annual value","LCU","2734","A","Official figure"
"PP","Producer Prices","484","Mexico","5530","Producer Price (LCU/tonne)","01324","Tangerines, mandarins, clementines","2021","2021","7021","Annual value","LCU","2939.4","A","Official figure"
"PP","Producer Prices","484","Mexico","5530","Producer Price (LCU/tonne)","01324","Tangerines, mandarins, clementines","2022","2022","7021","Annual value","LCU","3736.6","A","Official figure"
"PP","Producer Prices","484","Mexico","5530","Producer Price (LCU/tonne)","01324","Tangerines, mandarins, clementines","2023","2023","7021","Annual value","LCU","3728.4","A","Official figure"
"PP","Producer Prices","484","Mexico","5530","Producer Price (LCU/tonne)","01620","Tea leaves","2020","2020","7021","Annual value","LCU","1431.6","A","Official figure"
"PP","Producer Prices","484","Mexico","5530","Producer Price (LCU/tonne)","01620","Tea leaves","2021","2021","7021","Annual value","LCU","1463.8","A","Official figure"
"PP","Producer Prices","484","Mexico","5530","Producer Price (LCU/tonne)","01620","Tea leaves","2022","2022","7021","Annual value","LCU","2655.7","A","Official figure"
"PP","Producer Prices","484","Mexico","5530","Producer Price (LCU/tonne)","01620","Tea leaves","2023","2023","7021","Annual value","LCU","3889.5","A","Official figure"
"PP","Producer Prices","484","Mexico","5530","Producer Price (LCU/tonne)","01234","Tomatoes","2020","2020","7021","Annual value","LCU","9398.9","A","Official figure"
"PP","Producer Prices","484","Mexico","5530","Producer Price (LCU/tonne)","01234","Tomatoes","2021","2021","7021","Annual value","LCU","9476.9","A","Official figure"
"PP","Producer Prices","484","Mexico","5530","Producer Price (LCU/tonne)","01234","Tomatoes","2022","2022","7021","Annual value","LCU","9102.1","A","Official figure"
"PP","Producer Prices","484","Mexico","5530","Producer Price (LCU/tonne)","01234","Tomatoes","2023","2023","7021","Annual value","LCU","10038.2","A","Official figure"
"PP","Producer Prices","484","Mexico","5530","Producer Price (LCU/tonne)","01191","Triticale","2021","2021","7021","Annual value","LCU","3808.5","A","Official figure"
"PP","Producer Prices","484","Mexico","5530","Producer Price (LCU/tonne)","01191","Triticale","2022","2022","7021","Annual value","LCU","4482.5","A","Official figure"
"PP","Producer Prices","484","Mexico","5530","Producer Price (LCU/tonne)","01191","Triticale","2023","2023","7021","Annual value","LCU","4398.4","A","Official figure"
"PP","Producer Prices","484","Mexico","5530","Producer Price (LCU/tonne)","01970","Unmanufactured tobacco","2020","2020","7021","Annual value","LCU","38680.3","A","Official figure"
"PP","Producer Prices","484","Mexico","5530","Producer Price (LCU/tonne)","01970","Unmanufactured tobacco","2021","2021","7021","Annual value","LCU","39500.4","A","Official figure"
"PP","Producer Prices","484","Mexico","5530","Producer Price (LCU/tonne)","01970","Unmanufactured tobacco","2022","2022","7021","Annual value","LCU","39782","A","Official figure"
"PP","Producer Prices","484","Mexico","5530","Producer Price (LCU/tonne)","01970","Unmanufactured tobacco","2023","2023","7021","Annual value","LCU","39858.5","A","Official figure"
"PP","Producer Prices","484","Mexico","5530","Producer Price (LCU/tonne)","01658","Vanilla, raw","2020","2020","7021","Annual value","LCU","96953.4","A","Official figure"
"PP","Producer Prices","484","Mexico","5530","Producer Price (LCU/tonne)","01658","Vanilla, raw","2021","2021","7021","Annual value","LCU","95523.4","A","Official figure"
"PP","Producer Prices","484","Mexico","5530","Producer Price (LCU/tonne)","01658","Vanilla, raw","2022","2022","7021","Annual value","LCU","113417.6","A","Official figure"
"PP","Producer Prices","484","Mexico","5530","Producer Price (LCU/tonne)","01658","Vanilla, raw","2023","2023","7021","Annual value","LCU","112201.1","A","Official figure"
"PP","Producer Prices","484","Mexico","5530","Producer Price (LCU/tonne)","01709.01","Vetches","2020","2020","7021","Annual value","LCU","808.6","A","Official figure"
"PP","Producer Prices","484","Mexico","5530","Producer Price (LCU/tonne)","01709.01","Vetches","2021","2021","7021","Annual value","LCU","800.1","A","Official figure"
"PP","Producer Prices","484","Mexico","5530","Producer Price (LCU/tonne)","01709.01","Vetches","2022","2022","7021","Annual value","LCU","828.2","A","Official figure"
"PP","Producer Prices","484","Mexico","5530","Producer Price (LCU/tonne)","01709.01","Vetches","2023","2023","7021","Annual value","LCU","835.8","A","Official figure"
"PP","Producer Prices","484","Mexico","5530","Producer Price (LCU/tonne)","01376","Walnuts, in shell","2020","2020","7021","Annual value","LCU","73036.3","A","Official figure"
"PP","Producer Prices","484","Mexico","5530","Producer Price (LCU/tonne)","01376","Walnuts, in shell","2021","2021","7021","Annual value","LCU","90272.9","A","Official figure"
"PP","Producer Prices","484","Mexico","5530","Producer Price (LCU/tonne)","01376","Walnuts, in shell","2022","2022","7021","Annual value","LCU","73133.9","A","Official figure"
"PP","Producer Prices","484","Mexico","5530","Producer Price (LCU/tonne)","01376","Walnuts, in shell","2023","2023","7021","Annual value","LCU","66809.6","A","Official figure"
"PP","Producer Prices","484","Mexico","5530","Producer Price (LCU/tonne)","01221","Watermelons","2020","2020","7021","Annual value","LCU","3684.1","A","Official figure"
"PP","Producer Prices","484","Mexico","5530","Producer Price (LCU/tonne)","01221","Watermelons","2021","2021","7021","Annual value","LCU","4106.6","A","Official figure"
"PP","Producer Prices","484","Mexico","5530","Producer Price (LCU/tonne)","01221","Watermelons","2022","2022","7021","Annual value","LCU","4557.7","A","Official figure"
"PP","Producer Prices","484","Mexico","5530","Producer Price (LCU/tonne)","01221","Watermelons","2023","2023","7021","Annual value","LCU","5113.2","A","Official figure"
"PP","Producer Prices","484","Mexico","5530","Producer Price (LCU/tonne)","0111","Wheat","2020","2020","7021","Annual value","LCU","4804.8","A","Official figure"
"PP","Producer Prices","484","Mexico","5530","Producer Price (LCU/tonne)","0111","Wheat","2021","2021","7021","Annual value","LCU","5401.4","A","Official figure"
"PP","Producer Prices","484","Mexico","5530","Producer Price (LCU/tonne)","0111","Wheat","2022","2022","7021","Annual value","LCU","8122.6","A","Official figure"
"PP","Producer Prices","484","Mexico","5530","Producer Price (LCU/tonne)","0111","Wheat","2023","2023","7021","Annual value","LCU","8010.1","A","Official figure"
"PP","Producer Prices","484","Mexico","5530","Producer Price (LCU/tonne)","01591","Yautia","2020","2020","7021","Annual value","LCU","5067.6","A","Official figure"
"PP","Producer Prices","484","Mexico","5530","Producer Price (LCU/tonne)","01591","Yautia","2021","2021","7021","Annual value","LCU","5264.1","A","Official figure"
"PP","Producer Prices","484","Mexico","5530","Producer Price (LCU/tonne)","01591","Yautia","2022","2022","7021","Annual value","LCU","6202.7","A","Official figure"
"PP","Producer Prices","484","Mexico","5530","Producer Price (LCU/tonne)","01591","Yautia","2023","2023","7021","Annual value","LCU","6304.8","A","Official figure"
